{
  "stock_cnn": {
    "clean": {
      "mean": 8.14,
      "std": 0.8240999579788492
    },
    "color_jitter": {
      "mean": 7.742222222222222,
      "std": 0.7246012100322815
    },
    "noise": {
      "mean": 6.051111111111111,
      "std": 1.2746221904529442
    },
    "mild": {
      "mean": 3.6333333333333333,
      "std": 0.629920629920945
    },
    "hard": {
      "mean": 2.6644444444444444,
      "std": 0.7353373291587479
    }
  },
  "jepa_frozen": {
    "clean": {
      "mean": 3.648888888888889,
      "std": 1.8838127872174428
    },
    "color_jitter": {
      "mean": 3.026666666666666,
      "std": 0.9576359781601077
    },
    "noise": {
      "mean": 2.068888888888889,
      "std": 0.15928854166628828
    },
    "mild": {
      "mean": 2.2355555555555555,
      "std": 0.14466649598897582
    },
    "hard": {
      "mean": 2.291111111111111,
      "std": 0.011331154474650692
    }
  },
  "jepa_finetune": {
    "clean": {
      "mean": 5.2555555555555555,
      "std": 1.0519165342657792
    },
    "color_jitter": {
      "mean": 4.864444444444444,
      "std": 0.6308919807368172
    },
    "noise": {
      "mean": 3.9755555555555553,
      "std": 0.08849914556328818
    },
    "mild": {
      "mean": 2.7155555555555555,
      "std": 0.5322860087037122
    },
    "hard": {
      "mean": 2.2311111111111113,
      "std": 0.5194964323360426
    }
  },
  "ae_finetune": {
    "clean": {
      "mean": 4.720000000000001,
      "std": 0.9830715282366943
    },
    "color_jitter": {
      "mean": 4.4,
      "std": 0.5184592558726289
    },
    "noise": {
      "mean": 3.2866666666666666,
      "std": 0.3529347857082991
    },
    "mild": {
      "mean": 2.351111111111111,
      "std": 0.4323350324076382
    },
    "hard": {
      "mean": 1.8666666666666665,
      "std": 0.11788255297666525
    }
  },
  "vit_scratch": {
    "clean": {
      "mean": 4.942222222222223,
      "std": 0.5567720015665255
    },
    "color_jitter": {
      "mean": 3.56,
      "std": 0.4813253308045134
    },
    "noise": {
      "mean": 0.5377777777777778,
      "std": 0.6506824527532517
    },
    "mild": {
      "mean": 0.5666666666666667,
      "std": 0.7547381198996309
    },
    "hard": {
      "mean": 0.5911111111111111,
      "std": 0.694962473451749
    }
  }
}