{
  "Stock CNN": {
    "clean": {
      "mean": 7.597777777777778,
      "std": 0.3215395066255277
    },
    "color_jitter": {
      "mean": 7.482222222222222,
      "std": 0.36799087481976656
    },
    "noise": {
      "mean": 5.52,
      "std": 0.11115554667022028
    },
    "mild": {
      "mean": 3.4466666666666668,
      "std": 0.07363574011458161
    },
    "hard": {
      "mean": 2.16,
      "std": 0.05249338582674546
    }
  },
  "JEPA": {
    "clean": {
      "mean": 5.577777777777778,
      "std": 0.3505058073522524
    },
    "color_jitter": {
      "mean": 5.32,
      "std": 0.321155321831572
    },
    "noise": {
      "mean": 5.628888888888889,
      "std": 0.5359472979434071
    },
    "mild": {
      "mean": 2.966666666666667,
      "std": 0.2547911272366418
    },
    "hard": {
      "mean": 3.1222222222222222,
      "std": 0.9300311955474173
    }
  },
  "Autoencoder": {
    "clean": {
      "mean": 2.0244444444444443,
      "std": 0.1293096580086769
    },
    "color_jitter": {
      "mean": 1.9555555555555555,
      "std": 0.10573668669662517
    },
    "noise": {
      "mean": 1.988888888888889,
      "std": 0.13359234102390338
    },
    "mild": {
      "mean": 1.9066666666666665,
      "std": 0.033993463423951924
    },
    "hard": {
      "mean": 2.0111111111111115,
      "std": 0.03281071791162971
    }
  }
}